French,Tamil
était,இருந்தது
faire,செய்ய
comme,என
votre,உங்கள்
cette,இது
quand,எப்போது
alors,SO
chose,விஷயம்
merci,நன்றி
juste,வெறும்
aussi,மேலும்
avoir,வேண்டும்
allez,தொடருங்கள்
autre,மற்றவை
temps,நேரம்
notre,எங்கள்
avait,இருந்தது
aller,போ
monde,உலகம்
étais,இருந்தது
parce,ஏனெனில்
avant,முன்பு
avais,இருந்தது
crois,நம்பு
après,பிறகு
ouais,ஆம்
pense,நினைக்கிறார்கள்
homme,மனிதன்
viens,வாருங்கள்
femme,பெண்கள்
bonne,நல்லது
mieux,சிறந்தது
fille,பெண்
voilà,அங்கு
avons,வேண்டும்
petit,கொஞ்சம்
toute,அனைத்து
passé,பாஸ்
salut,வணக்கம்
moins,குறைவாக
maman,அம்மா
reste,தங்க
aider,உதவி
entre,இடையே
passe,பாஸ்
savez,தெரியும்
trois,மூன்று
assez,போதும்
plaît,தயவுசெய்து
seule,தனியாக
merde,மலம்
parle,பேசு
elles,அவர்கள்
jours,நாட்கள்
grand,பெரிய
venir,வாருங்கள்
porte,கதவு
super,பெரிய
heure,மணி
vient,வாருங்கள்
amour,அன்பு
genre,பாலினம்
frère,அண்ணன்
aucun,எதுவும் இல்லை
ville,நகரம்
parlé,பேசு
place,இடம்
leurs,அவர்களின்
corps,உடல்
façon,வழி
donné,கொடுக்கப்பட்டது
voici,இங்கே உள்ளது
train,ரயில்
perdu,இழந்தது
point,புள்ளி
tiens,பிடி
vieux,பழைய
matin,காலை
suite,பின்வரும்
venez,வாருங்கள்
enfin,இறுதியாக
cause,காரணம்
droit,சரி
parti,கட்சி
terre,பூமி
belle,அழகான
donne,கொடுக்கப்பட்டது
jouer,விளையாடு
celui,ஒன்று
jeune,இளம்
école,பள்ளி
vivre,வாழ்க
devez,வேண்டும்
mains,கைகள்
dites,என்கின்றனர்
plein,முழு
pensé,நினைக்கிறார்கள்
envie,பொறாமை
garde,காவலர்
cours,நிச்சயமாக
ainsi,இவ்வாறு
peine,அபராதம்
serai,இருக்கும்
prend,எடுக்கும்
choix,தேர்வு
abord,கப்பலில்
voyez,பார்க்க
faute,தவறு
étiez,இருந்தன
agent,முகவர்
adore,அன்பு
route,சாலை
année,ஆண்டு
drôle,வேடிக்கையான
sujet,பொருள்
sorte,வரிசைப்படுத்து
voulu,விரும்பினார்
morte,இறந்தார்
ferai,செய்வார்கள்
payer,செலுத்து
coeur,இதயம்
chien,நாய்
calme,அமைதியான
photo,புகைப்படம்
ferme,பண்ணை
verre,கண்ணாடி
aimes,அன்பு
doute,சந்தேகம்
moyen,சராசரி
trucs,பொருட்களை
salle,அறை
celle,என்று
dîner,இரவு உணவு
écrit,எழுதுவது
livre,புத்தகம்
chéri,அன்பே
morts,இறந்தார்
boire,குடிக்க
soyez,இருக்கும்
plait,தயவுசெய்து
sinon,இல்லையெனில்
pièce,துண்டு
grave,கடுமையான
carte,வரைபடம்
aviez,இருந்தது
appel,அழைப்பு
début,ஆரம்பம்
venue,வருகிறது
effet,விளைவு
grâce,கருணை
tirer,இழுக்க
force,வலிமை
ordre,உத்தரவு
armes,ஆயுதங்கள்
aurai,கொண்டிருக்கும்
scène,காட்சி
prête,தயார்
oncle,மாமா
liste,பட்டியல்
soeur,சகோதரி
armée,இராணுவம்
crime,குற்றம்
finir,முடிக்க
libre,இலவசம்
bouge,நகர்த்த
hôtel,ஹோட்டல்
idiot,முட்டாள்தனமான
sympa,நல்ல
fasse,செய்ய
avion,விமானம்
table,அட்டவணை
rouge,சிவப்பு
seras,இருக்கும்
ligne,வரி
clair,தெளிவானது
balle,பந்து
gagné,வெற்றி பெற்றார்
jolie,அழகான
sorti,வெளியிடப்பட்டது
ouvre,திறக்கிறது
pieds,அடி
auras,கொண்டிருக்கும்
vraie,உண்மை
selon,படி
tenir,பிடி
exact,துல்லியமான
poser,கீழே அமைக்க
chaud,சூடான
david,டேவிட்
tueur,கொலைகாரன்
flics,போலீசார்
forme,வடிவம்
folle,பைத்தியம்
offre,சலுகை
froid,குளிர்
prêts,கடன்கள்
gamin,குழந்தை
poste,வேலை
boîte,பெட்டி
aimer,பிடிக்கும்
serez,இருக்கும்
tombe,வீழ்ச்சி
santé,ஆரோக்கியம்
frank,வெளிப்படையான
monte,ஏற்றப்பட்டது
voler,பறக்க
blanc,வெள்ளை
mange,சாப்பிட்டது
enfer,நரகம்
nulle,பூஜ்யம்
signe,அடையாளம்
aille,போ
honte,அவமானம்
paris,பாரிஸ்
aurez,கொண்டிருக்கும்
connu,அறியப்படுகிறது
allée,இடைகழி
coups,வீசுகிறது
peter,பீட்டர்
tient,வைத்திருக்கிறது
prise,சாக்கெட்
dirai,சொல்வார்கள்
fiche,வடிவம்
héros,ஹீரோ
menti,பொய் சொன்னார்
jeter,எறியுங்கள்
sauvé,காப்பாற்றப்பட்டது
bière,பீர்
assis,அமர்ந்தார்
prévu,முன்னறிவிக்கப்பட்ட
tenez,பிடி
seuls,தனியாக
bruit,சத்தம்
danse,நடனம்
rêves,கனவுகள்
bravo,நன்றாக முடிந்தது
lycée,உயர்நிலைப் பள்ளி
pitié,பரிதாபம்
radio,வானொலி
verra,பார்ப்பார்கள்
bande,இசைக்குழு
henry,ஹென்றி
censé,கருதப்படுகிறது
james,ஜேம்ஸ்
reine,ராணி
croit,நம்புகிறார்
tombé,வீழ்ச்சி
vidéo,வீடியோ
match,பொருத்தம்
bombe,குண்டு
tante,அத்தை
chère,அன்பே
danny,டேனி
rendu,வழங்கியது
aimez,அன்பு
venus,சுக்கிரன்
jimmy,ஜிம்மி
sache,தெரியும்
glace,பனிக்கட்டி
parie,பந்தயம்
mangé,சாப்பிட்டது
idées,யோசனைகள்
faite,முடிந்தது
sarah,சாரா
marié,திருமணம்
court,குறுகிய
harry,ஹாரி
gagne,வெற்றி பெற்றார்
futur,எதிர்காலம்
lâche,கோழை
gosse,குழந்தை
riche,பணக்காரர்
faits,உண்மைகள்
dents,பற்கள்
repas,உணவு
telle,அத்தகைய
série,தொடர்
parmi,மத்தியில்
forte,கோட்டை
étant,இருப்பது
mille,ஆயிரம்
accès,அணுகல்
cible,இலக்கு
steve,ஸ்டீவ்
films,திரைப்படங்கள்
marie,திருமணம்
crise,நெருக்கடி
piste,தடம்
coupe,வெட்டு
cassé,உடைந்தது
rends,திரும்ப
mêmes,அதே
tommy,டாமி
foutu,புணர்ந்தார்
types,வகைகள்
image,படம்
étage,தரை
suivi,பின்தொடரவும்
frais,செலவுகள்
sacré,புனிதமானது
jésus,இயேசு
billy,பில்லி
arrêt,நிறுத்து
marre,ஊட்டப்பட்டது
chier,மலம்
adieu,விடைபெறுதல்
utile,பயனுள்ள
amené,கொண்டு வரப்பட்டது
quels,எது
amène,கொண்டு வருகிறது
magie,மந்திரம்
pause,உடைக்க
vendu,விற்கப்பட்டது
privé,தனிப்பட்ட
jambe,கால்
noire,கருப்பு
gérer,நிர்வகிக்க
mince,மெல்லிய
meurt,இறக்கிறார்
fermé,பண்ணை
odeur,வாசனை
caché,மறைக்கப்பட்டுள்ளது
règle,ஆட்சியாளர்
infos,தகவல்
lever,தூக்கி
arbre,மரம்
maire,மேயர்
champ,களம்
unité,அலகு
resté,தங்க
plage,கடற்கரை
malin,புத்திசாலி
eddie,எடி
chris,கிறிஸ்
folie,பைத்தியக்காரத்தனம்
cache,மறைக்கப்பட்டுள்ளது
génie,மேதை
ouest,மேற்கு
poids,எடை
poche,வேட்டையாடப்பட்டது
créer,உருவாக்க
saura,தெரிந்து விடும்
perds,இழக்க
bobby,பாபி
piège,பொறி
kevin,கெவின்
grace,கருணை
perte,இழப்பு
côtés,பக்கங்களிலும்
larry,லாரி
beaux,அழகான
entré,இடையே
lance,ஈட்டி
plans,திட்டங்கள்
douce,மென்மையான
vôtre,உங்கள்
servi,பணியாற்றினார்
souci,கவலை
doigt,விரல்
brian,பிரியன்
coupé,வெட்டு
jerry,ஜெர்ரி
scott,ஸ்காட்
trace,தடயம்
salon,வாழ்க்கை அறை
style,பாணி
ravie,மகிழ்ச்சியடைந்தார்
vieil,பழைய
meurs,இறக்கின்றன
queue,வால்
sonne,மோதிரங்கள்
jason,ஜேசன்
casse,உடைந்தது
dormi,தூங்கினார்
rires,சிரிப்பு
leçon,பாடம்
battu,அடித்தார்கள்
veste,ஜாக்கெட்
simon,சைமன்
amies,நண்பர்கள்
tirez,இழுக்கவும்
feras,செய்வார்கள்
bague,மோதிரம்
tente,கூடாரம்
haute,உயர்
terme,கால
emily,எமிலி
sport,விளையாட்டு
signé,அடையாளம்
virer,திரும்ப
pluie,மழை
vrais,உண்மை
ombre,நிழல்
neige,பனி
gardé,காவலர்
saint,புனிதர்
jette,வீசுகிறார்
joues,கன்னங்கள்
notes,குறிப்புகள்
repos,ஓய்வு
siège,இருக்கை
allés,சென்றார்
gorge,தொண்டை
dieux,தெய்வங்கள்
major,முக்கிய
titre,தலைப்பு
lundi,திங்கட்கிழமை
alice,ஆலிஸ்
noirs,கருப்பு
forêt,காடு
maria,மரியா
annie,அன்னி
louis,லூயிஸ்
fuite,கசிவு
brisé,தென்றல்
lieux,இடங்கள்
seins,மார்பகங்கள்
crier,கத்தி
vente,விற்பனை
vache,மாடு
clark,கிளார்க்
susan,சூசன்
coûte,செலவுகள்
démon,பேய்
smith,ஸ்மித்
cesse,நிறுத்து
finit,முடிவடைகிறது
bosse,பம்ப்
kelly,கெல்லி
usine,தொழிற்சாலை
virus,வைரஸ்
fière,பெருமை
finie,முடிந்தது
canon,பீரங்கி
bébés,குழந்தைகள்
ayant,கொண்ட
tenté,கூடாரம்
tests,சோதனைகள்
objet,பொருள்
roger,ரோஜர்
fusil,துப்பாக்கி
voila,அங்கு
herbe,புல்
écris,எழுது
fumer,புகை
monté,ஏற்றப்பட்டது
coach,பயிற்சியாளர்
élevé,மாணவர்
chair,சதை
taire,அமைதி
crâne,மண்டை ஓடு
laver,கழுவு
nuits,இரவுகள்
russe,ரஷ்யன்
sucre,சர்க்கரை
chute,வீழ்ச்சி
devra,வேண்டும்
tenue,ஆடை
karen,கரேன்
geste,சைகை
gaffe,தவறு
aient,வேண்டும்
pizza,பீட்சா
jenny,ஜென்னி
réglé,ஆட்சியாளர்
barre,தடி
foyer,அடுப்பு
amuse,மகிழ்ந்தார்
mener,செயல்படுத்த
soupe,சூப்
chuck,சக்
corde,கயிறு
somme,தொகை
crème,கிரீம்
foule,கூட்டம்
laura,லாரா
hiver,குளிர்காலம்
lapin,முயல்
julie,ஜூலி
fonds,நிதி
vegas,வேகாஸ்
front,நெற்றி
jones,ஜோன்ஸ்
saute,குதிக்க
océan,கடல்
porté,கதவு
julia,ஜூலியா
mardi,செவ்வாய்
barry,பாரி
lourd,கனமான
filer,சுழல்
rompu,உடைந்தது
sauve,சேமிக்கிறது
donna,டோனா
rater,மிஸ்
tâche,கறை
etait,இருந்தது
tapis,கம்பளம்
cents,சென்ட்
écran,திரை
irait,போகும்
navré,மன்னிக்கவும்
finis,முடிந்தது
forcé,வலிமை
lutte,போராட்டம்
jouez,விளையாடு
roman,நாவல்
nommé,நியமிக்கப்பட்டார்
potes,நண்பர்கள்
chine,சீனா
haine,வெறுக்கிறேன்
fleur,மலர்
roule,உருட்டப்பட்டது
jeudi,வியாழன்
élève,மாணவர்
pêche,மீன்பிடித்தல்
brûle,எரிகிறது
vingt,இருபது
final,இறுதி
brûlé,எரித்தனர்
sauté,வதக்கிய
ferez,செய்வார்கள்
singe,குரங்கு
colle,பசை
fallu,தேவையான
étape,மேடை
rayon,ஆரம்
jesse,ஜெஸ்ஸி
quant,என
remis,ஒப்படைத்தார்
black,கருப்பு
parte,இலைகள்
moque,கேலி செய்கிறது
têtes,தலைகள்
piano,பியானோ
désir,ஆசை
sales,அழுக்கு
fumée,புகை
tasse,கோப்பை
essai,கட்டுரை
miles,மைல்கள்
soins,கவனிப்பு
robin,ராபின்
copie,நகல்
jaune,மஞ்சள்
dames,பெண்கள்
betty,பெட்டி
helen,ஹெலன்
échec,தோல்வி
sauce,சாஸ்
boule,பந்து
bleue,நீலம்
tyler,டைலர்
œuvre,கலைப்படைப்பு
texas,டெக்சாஸ்
paire,ஜோடி
idéal,சிறந்த
juger,நீதிபதி
avoue,ஒப்புக்கொள்
aides,உதவியாளர்கள்
poule,கோழி
jamie,ஜேமி
molly,மோலி
musée,அருங்காட்சியகம்
chers,அன்பே
sable,மணல்
irais,போகும்
brown,பழுப்பு
lucas,லூகாஸ்
posez,போஸ்
digne,தகுதியான
congé,விடு
causé,காரணம்
stade,அரங்கம்
japon,ஜப்பான்
mamie,பாட்டி
terry,டெர்ரி
huile,எண்ணெய்
fêter,கொண்டாடுகிறார்கள்
croix,குறுக்கு
large,பரந்த
moral,ஒழுக்கம்
trahi,காட்டிக்கொடுத்தார்
brave,துணிச்சலான
géant,மாபெரும்
taper,வகை
sally,சாலி
tours,கோபுரங்கள்
alibi,அலிபி
décès,மரணம்
fêtes,விடுமுறை நாட்கள்
davis,டேவிஸ்
bruce,புரூஸ்
panne,முறிவு
bains,குளியல்
loyer,வாடகை
actes,செயல்கள்
êtres,உயிரினங்கள்
moche,அசிங்கமான
douée,பரிசளித்தார்
juifs,யூதர்கள்
forts,வலுவான
miami,மியாமி
baise,ஃபக்
nager,நீந்த
nôtre,எங்கள்
placé,இடம்
péché,மீன்பிடித்தல்
katie,கேட்டி
derek,டெரெக்
ailes,இறக்கைகள்
ricky,ரிக்கி
boite,பெட்டி
angle,மூலையில்
neveu,மருமகன்
bleus,நீலம்
marty,தியாகி
pouls,துடிப்பு
tribu,பழங்குடி
taule,சிறை
wayne,வேய்ன்
union,தொழிற்சங்கம்
durer,கடைசி
chats,பூனைகள்
biens,பொருட்கள்
garce,பிச்
tarte,பை
carol,கரோல்
pénis,ஆண்குறி
bible,பைபிள்
gants,கையுறைகள்
oeufs,முட்டைகள்
prier,பிரார்த்தனை
diane,டயானா
soirs,மாலைகள்
frigo,குளிர்சாதன பெட்டி
vince,வின்ஸ்
tuera,கொன்றுவிடும்
grant,மானியம்
guide,வழிகாட்டி
comte,மாவட்டம்
noble,உன்னதமான
kilos,கிலோ
miens,என்னுடையது
album,ஆல்பம்
teddy,டெட்டி
robot,ரோபோ
relax,ஓய்வெடுக்க
mères,தாய்மார்கள்
ethan,ஈதன்
anges,தேவதைகள்
vague,அலை
lewis,லூயிஸ்
vends,விற்க
piégé,பொறி
buvez,குடிக்க
gâché,கெட்டுப்போனது
phase,கட்டம்
barbe,தாடி
dylan,டிலான்
fichu,அடடா
tuyau,குழாய்
adoré,அதை விரும்பினேன்
total,மொத்தம்
nancy,நான்சி
étude,படிப்பு
écart,இடைவெளி
comté,மாவட்டம்
dette,கடன்
diner,இரவு உணவு
rêver,கனவு
micro,ஒலிவாங்கி
liens,இணைப்புகள்
casey,கேசி
léger,ஒளி
sœurs,சகோதரிகள்
volée,திருடப்பட்டது
diras,சொல்வார்கள்
fâché,கோபம்
porno,ஆபாச
enfui,ஓடிவிட்டார்
métro,மெட்ரோ
trous,துளைகள்
roses,ரோஜாக்கள்
douze,பன்னிரண்டு
gibbs,கிப்ஸ்
aidez,உதவி
quinn,குயின்
randy,ராண்டி
amant,காதலன்
bêtes,மிருகங்கள்
lampe,விளக்கு
kenny,கென்னி
oscar,ஆஸ்கார்
nerfs,நரம்புகள்
câble,கேபிள்
avère,மாறிவிடும்
voies,வழிகள்
stylo,பேனா
blake,பிளேக்
métal,உலோகம்
masse,நிறை
baisé,புணர்ந்தார்
keith,கீத்
chefs,சமையல்காரர்கள்
serré,இறுக்கமான
pomme,ஆப்பிள்
elena,எலினா
ellen,எலன்
toast,சிற்றுண்டி
bâton,குச்சி
otage,பணயக்கைதி
couru,ஓடினார்
clown,கோமாளி
penny,பைசா
mette,வைத்தது
pages,பக்கங்கள்
jacob,ஜேக்கப்
dises,என்கின்றனர்
holly,ஹோலி
pires,மோசமான
quart,கால்
issue,விளைவு
white,வெள்ளை
vomir,வாந்தி எடுக்க
cruel,கொடூரமான
homer,ஹோமர்
flash,ஒளிரும்
césar,சீசர்
chaos,குழப்பம்
green,பச்சை
veuve,விதவை
riley,ரிலே
logan,லோகன்
virée,பயணம்
stone,கல்
voter,வாக்கு
mason,கொத்தனார்
motel,விடுதி
poker,போக்கர்
tokyo,டோக்கியோ
jules,ஜூல்ஸ்
évite,தவிர்க்க
angel,தேவதை
fruit,பழம்
aaron,ஆரோன்
marge,விளிம்பு
poing,முஷ்டி
motif,முறை
avril,ஏப்ரல்
sammy,சாமி
vivez,வாழ்க
alpha,ஆல்பா
house,வீடு
brise,தென்றல்
verte,பச்சை
exige,தேவை
marin,கடல் சார்ந்த
fonce,இருண்ட
paige,பைஜ்
franc,பிராங்க்
légal,சட்டபூர்வமான
bonté,நன்மை
acier,எஃகு
subir,உட்பட்டு
kitty,பூனைக்குட்டி
plais,மகிழ்ச்சி அளிக்கிறது
coûté,செலவு
cessé,நிறுத்தப்பட்டது
shawn,ஷான்
megan,மேகன்
direz,நீங்கள் சொல்வீர்கள்
chloé,சோலி
maths,கணிதம்
deuil,துக்கம்
coule,பாய்கிறது
armés,ஆயுதம் ஏந்திய
piqué,மூழ்கினார்
pères,தந்தைகள்
booth,சாவடி
ruiné,அழிவு
prime,முதன்மை
jenna,ஜென்னா
hélas,ஐயோ
vodka,ஓட்கா
mordu,கடித்தது
resto,உணவகம்
shane,ஷேன்
lisez,படித்தேன்
badge,பேட்ஜ்
crève,இறக்கின்றன
local,உள்ளூர்
ayons,வேண்டும்
remet,ஒப்படைக்கிறது
vides,காலி
trône,சிம்மாசனம்
asile,புகலிடம்
louer,வாடகைக்கு
craig,கிரேக்
wendy,வெண்டி
avoué,ஒப்புக்கொண்டார்
puits,நன்றாக
aimée,நேசித்தேன்
basse,குறைந்த
texte,உரை
tuent,கொல்ல
dalle,பலகை
cadre,சட்டகம்
levez,எழுந்திரு
punir,தண்டிக்க
dinde,வான்கோழி
jetez,தூக்கி எறியுங்கள்
poils,முடி
époux,கணவன்
tendu,பதட்டமான
lâché,கோழை
pouce,கட்டைவிரல்
santa,சாண்டா
mêler,கலக்கவும்
diana,டயானா
côtes,விலா எலும்புகள்
délit,குற்றம்
revue,மதிப்பாய்வு
tracy,சுவடு
putes,பரத்தையர்கள்
clara,கிளாரா
nièce,மருமகள்
janet,ஜானட்
usage,பயன்படுத்த
meure,இறக்கின்றன
sourd,செவிடர்
états,மாநிலங்கள்
longs,நீளமானது
linge,கைத்தறி
câlin,அன்புடன்
conçu,வடிவமைக்கப்பட்டது
obéir,கீழ்ப்படியுங்கள்
chant,பாடுவது
tissu,துணி
débat,விவாதம்
baron,பரோன்
genou,முழங்கால்
ralph,ரால்ப்
foiré,நியாயமான
royal,அரச
merdé,மலம்
mafia,மாஃபியா
stars,நட்சத்திரங்கள்
daisy,டெய்சி
ranch,பண்ணை
draps,தாள்கள்
young,இளம்
opéra,ஓபரா
violé,மீறப்பட்டது
hello,வணக்கம்
quête,தேடுதல்
chase,துரத்துகிறது
marco,மார்கோ
grève,வேலைநிறுத்தம்
batte,வௌவால்
rares,அரிதான
mitch,மிட்ச்
tigre,புலி
foire,நியாயமான
carla,கார்லா
euros,யூரோக்கள்
diego,டியாகோ
pneus,டயர்கள்
jouet,பொம்மை
fiers,பெருமை
pisse,சிறுநீர்ப்பை
poème,கவிதை
pendu,தூக்கிலிடப்பட்டார்
ligue,லீக்
irons,போகும்
pique,மண்வெட்டிகள்
sandy,மணல்
météo,வானிலை அறிக்கை
buter,abut
accro,அடிமையான
bougé,நகர்த்தப்பட்டது
acide,அமிலம்
patty,பஜ்ஜி
aidée,உதவியது
saisi,கைப்பற்றப்பட்டது
colin,கொலின்
serre,இறுக்கமான
plats,உணவுகள்
times,முறை
allen,ஆலன்
civil,சிவில்
jetée,கப்பல்துறை
tache,கறை
damon,டாமன்
burke,பர்க்
ellie,எல்லி
satan,சாத்தான்
guère,அரிதாக
plaie,காயம்
cuire,சமைக்க
bidon,முடியும்
sobre,நிதானமான
sonné,திகைத்தார்
canal,சேனல்
pleut,மழை
april,ஏப்ரல்
péter,சுண்டல்
range,நேர்த்தியான
steak,மாமிசம்
drame,நாடகம்
bingo,பிங்கோ
peint,வர்ணம் பூசப்பட்டது
vider,காலி
thème,தீம்
ennui,சலிப்பு
corée,கொரியா
tabac,புகையிலை
bacon,பன்றி இறைச்சி
apres,பிறகு
voile,முக்காடு
règne,ஆட்சி
mines,சுரங்கங்கள்
robes,ஆடைகள்
nuage,மேகம்
payée,செலுத்தப்பட்டது
bazar,பஜார்
juges,நீதிபதிகள்
beach,கடற்கரை
demie,பாதி
votes,வாக்குகள்
nicky,நிக்கி
plomb,முன்னணி
prêté,கடன் கொடுத்தார்
benny,பென்னி
taupe,மச்சம்
salue,வாழ்த்துகிறேன்
naomi,நவோமி
blair,பிளேயர்
noyer,வால்நட்
tordu,முறுக்கப்பட்ட
extra,கூடுதல்
baker,பேக்கர்
stark,அப்பட்டமான
manny,மேனி
erica,எரிகா
villa,வில்லா
vitre,ஜன்னல்
codes,குறியீடுகள்
sensé,விவேகமான
melle,மிஸ்
promo,விளம்பரம்
degré,பட்டம்
bases,அடிப்படைகள்
laser,லேசர்
élite,உயரடுக்கு
haley,ஹேலி
amber,அம்பர்
happy,மகிழ்ச்சி
engin,இயந்திரம்
peste,பிளேக்
nanas,குழந்தைகள்
dépôt,வைப்பு
world,உலகம்
pompe,பம்ப்
joint,முத்திரை
ondes,அலைகள்
guéri,குணமாகிவிட்டது
orage,இடியுடன் கூடிய மழை
mario,மரியோ
crevé,தட்டையானது
sèche,உலர்ந்த
rosie,ரோஸி
volés,திருடப்பட்டது
ronde,சுற்று
doyle,டாய்ல்
livré,புத்தகம்
aprés,பிறகு
filmé,படமாக்கப்பட்டது
wyatt,வியாட்
voyou,குண்டர்
radar,ரேடார்
halte,நிறுத்து
poète,கவிஞர்
admis,ஒப்புக்கொண்டார்
drake,டிரேக்
lydia,லிடியா
chloe,சோலி
